1,Easy
2,Medium
3,Medium
4,Hard
5,Medium
6,Medium
7,Medium
8,Medium
9,Easy
10,Hard
11,Medium
12,Medium
13,Easy
14,Easy
15,Medium
16,Medium
17,Medium
18,Medium
19,Medium
20,Easy
21,Easy
22,Medium
24,Medium
26,Easy
27,Easy
28,Easy
29,Medium
31,Medium
33,Medium
34,Medium
35,Easy
36,Medium
37,Hard
39,Medium
48,Medium
57,Medium
61,Medium
64,Medium
66,Easy
67,Easy
71,Medium
76,Hard
80,Medium
83,Easy
84,Hard
85,Hard
93,Medium
99,Medium
102,Medium
109,Medium
110,Easy
112,Easy
116,Medium
119,Easy
127,Hard
130,Medium
131,Medium
140,Hard
141,Easy
149,Hard
153,Medium
154,Hard
171,Easy
180,Medium
190,Easy
200,Medium
212,Hard
222,Easy
224,Hard
228,Easy
234,Easy
237,Medium
238,Medium
257,Easy
262,Hard
263,Easy
287,Medium
292,Easy
304,Medium
319,Medium
329,Hard
331,Medium
335,Hard
342,Easy
357,Medium
375,Medium
380,Medium
382,Medium
383,Easy
395,Medium
396,Medium
398,Medium
399,Medium
401,Easy
424,Medium
430,Medium
434,Easy
435,Medium
448,Easy
451,Medium
454,Medium
457,Medium
458,Hard
462,Medium
473,Medium
475,Medium
485,Easy
491,Medium
494,Medium
501,Easy
509,Easy
515,Medium
523,Medium
524,Medium
526,Medium
528,Medium
559,Easy
565,Medium
572,Easy
584,Easy
589,Easy
593,Medium
594,Easy
599,Easy
606,Medium
607,Easy
619,Easy
638,Medium
641,Medium
645,Easy
646,Medium
657,Easy
661,Easy
669,Medium
678,Medium
682,Easy
691,Hard
693,Easy
696,Easy
712,Medium
729,Medium
743,Medium
744,Easy
756,Medium
761,Hard
762,Easy
781,Medium
782,Hard
788,Medium
796,Easy
797,Medium
799,Medium
804,Easy
815,Hard
817,Medium
820,Medium
823,Medium
830,Easy
840,Medium
857,Hard
861,Medium
865,Medium
866,Medium
868,Easy
869,Medium
874,Medium
875,Medium
895,Hard
909,Medium
916,Medium
917,Easy
919,Medium
944,Easy
955,Medium
958,Medium
960,Hard
961,Easy
968,Hard
976,Easy
979,Medium
988,Medium
992,Hard
998,Medium
1002,Easy
1009,Easy
1011,Medium
1018,Easy
1021,Easy
1022,Easy
1030,Easy
1032,Hard
1034,Medium
1041,Medium
1049,Medium
1074,Hard
1089,Easy
1094,Medium
1105,Medium
1106,Hard
1110,Medium
1146,Medium
1161,Medium
1187,Hard
1189,Easy
1192,Hard
1200,Easy
1210,Hard
1218,Medium
1226,Medium
1239,Medium
1240,Hard
1249,Medium
1255,Hard
1260,Easy
1266,Easy
1269,Hard
1282,Medium
1283,Medium
1292,Medium
1306,Medium
1317,Easy
1319,Medium
1320,Hard
1329,Medium
1339,Medium
1340,Hard
1342,Easy
1344,Medium
1345,Hard
1351,Easy
1356,Easy
1360,Easy
1372,Medium
1382,Medium
1389,Easy
1390,Medium
1391,Medium
1396,Medium
1402,Hard
1403,Easy
1404,Medium
1405,Medium
1406,Hard
1408,Easy
1409,Medium
1410,Medium
1411,Hard
1415,Medium
1422,Easy
1425,Hard
1442,Medium
1450,Easy
1456,Medium
1458,Hard
1461,Medium
1483,Hard
1486,Easy
1492,Medium
1493,Medium
1496,Easy
1497,Medium
1502,Easy
1504,Medium
1507,Easy
1512,Easy
1513,Medium
1517,Easy
1523,Easy
1528,Easy
1534,Easy
1536,Medium
1545,Medium
1546,Medium
1559,Medium
1578,Medium
1579,Hard
1582,Easy
1584,Medium
1587,Easy
1594,Medium
1604,Medium
1605,Medium
1611,Hard
1614,Easy
1616,Medium
1622,Hard
1631,Medium
1633,Easy
1641,Medium
1653,Medium
1654,Medium
1658,Medium
1662,Easy
1665,Hard
1667,Easy
1668,Easy
1671,Hard
1674,Medium
1680,Medium
1689,Medium
1700,Easy
1702,Medium
1703,Hard
1722,Medium
1727,Medium
1732,Easy
1735,Hard
1744,Medium
1745,Hard
1748,Easy
1751,Hard
1752,Easy
1753,Medium
1754,Medium
1758,Easy
1768,Easy
1780,Medium
1781,Medium
1784,Easy
1792,Medium
1805,Easy
1816,Easy
1822,Easy
1825,Hard
1833,Medium
1840,Hard
1848,Easy
1850,Medium
1855,Medium
1861,Medium
1871,Medium
1877,Medium
1878,Medium
1880,Easy
1883,Hard
1884,Medium
1886,Easy
1888,Medium
1895,Medium
1904,Medium
1909,Easy
1914,Medium
1921,Medium
1922,Medium
1923,Hard
1936,Medium
1944,Hard
1958,Medium
1959,Medium
1962,Medium
1970,Hard
1975,Medium
1978,Easy
1980,Medium
1984,Easy
1986,Medium
1991,Easy
1994,Hard
1995,Easy
1996,Medium
1997,Medium
2019,Hard
2023,Medium
2028,Medium
2029,Medium
2033,Medium
2044,Medium
2050,Hard
2053,Easy
2054,Medium
2060,Hard
2064,Medium
2069,Medium
2075,Medium
2078,Easy
2079,Medium
2080,Medium
2081,Hard
2089,Easy
2092,Hard
2095,Medium
2099,Easy
2103,Easy
2110,Medium
2115,Medium
2121,Medium
2122,Hard
2126,Medium
2127,Hard
2130,Medium
2132,Hard
2144,Easy
2149,Medium
2151,Hard
2154,Easy
2161,Medium
2165,Medium
2167,Hard
2169,Easy
2185,Easy
2196,Medium
2200,Easy
2208,Medium
2215,Easy
2218,Hard
2222,Medium
2224,Easy
2236,Easy
2239,Easy
2246,Hard
2257,Medium
2259,Easy
2270,Medium
2271,Medium
2273,Easy
2283,Easy
2299,Easy
2300,Medium
2303,Easy
2312,Hard
2316,Medium
2318,Hard
2321,Hard
2322,Hard
2348,Medium
2357,Easy
2360,Hard
2370,Medium
2373,Easy
2380,Medium
2402,Hard
2413,Easy
2416,Hard
2429,Medium
2438,Medium
2444,Hard
2447,Medium
2451,Easy
2452,Medium
2463,Hard
2475,Easy
2478,Hard
2482,Medium
2483,Medium
2490,Easy
2491,Medium
2501,Medium
2506,Easy
2507,Medium
2511,Easy
2515,Easy
2521,Medium
2528,Hard
2535,Easy
2538,Hard
2540,Easy
2542,Medium
2553,Easy
2563,Medium
2573,Hard
2574,Easy
2579,Medium
2588,Medium
2609,Easy
2610,Medium
2615,Medium
2621,Easy
2622,Medium
2629,Easy
2657,Medium
2659,Hard
2660,Easy
2697,Easy
2698,Medium
2710,Easy
2717,Easy
2718,Medium
2724,Easy
2733,Easy
2739,Easy
2744,Easy
2748,Easy
2751,Hard
2770,Medium
2780,Medium
2784,Easy
2798,Easy
2806,Easy
2833,Easy
2834,Medium
2839,Easy
2840,Medium
2843,Easy
2855,Easy
2867,Hard
2887,Easy
2889,Easy
2890,Easy
2904,Medium
2906,Medium
2911,Hard
2915,Medium
2926,Hard
2930,Medium
2943,Medium
2946,Easy
2947,Medium
2948,Medium
2952,Medium
2953,Hard
2958,Medium
2963,Hard
2975,Medium
2976,Medium
2977,Hard
3003,Hard
3006,Medium
3007,Medium
3010,Easy
3013,Hard
3019,Easy
3027,Hard
3028,Easy
3035,Medium
3036,Hard
3039,Medium
3043,Medium
3044,Medium
3047,Medium
3070,Medium
3074,Easy
3075,Medium
3079,Easy
3081,Medium
3085,Medium
3092,Medium
3093,Hard
3100,Medium
3106,Medium
3108,Hard
3120,Easy
3121,Medium
3129,Medium
3130,Hard
3131,Easy
3133,Medium
3137,Medium
3161,Hard
3170,Medium
3174,Easy
3190,Easy
3206,Easy
3208,Medium
3212,Medium
3213,Hard
3224,Medium
3225,Hard
3251,Hard
3254,Medium
3259,Medium
3280,Easy
3281,Medium
3286,Medium
3289,Easy
3296,Medium
3300,Easy
3302,Medium
3303,Hard
3312,Hard
3314,Easy
3315,Medium
3318,Easy
3321,Hard
3333,Hard
3356,Medium
3357,Hard
3360,Easy
3363,Hard
3371,Medium
3377,Medium
3378,Hard
3379,Easy
3386,Easy
3393,Medium
3398,Hard
3399,Hard
3405,Hard
3412,Medium
3417,Easy
3418,Medium
3442,Easy
3451,Hard
3453,Medium
3454,Hard
3458,Medium
3464,Hard
3467,Easy
3470,Hard
3474,Hard
3485,Hard
3487,Easy
3488,Medium
3507,Easy
3510,Hard
3515,Hard
3521,Medium
3524,Medium
3532,Medium
3534,Hard
3536,Easy
3542,Medium
3543,Medium
3546,Medium
3548,Hard
3558,Medium
3559,Hard
3562,Hard
3567,Medium
3573,Medium
3580,Medium
3592,Medium
3600,Hard
3607,Medium
3612,Medium
3614,Hard
3618,Medium
3629,Medium
3633,Easy
3634,Medium
3635,Medium
3637,Easy
3640,Hard
3643,Easy
3650,Medium
3651,Hard
3652,Medium
3653,Medium
3654,Medium
3655,Hard
3657,Medium
3658,Easy
3660,Medium
3661,Hard
3664,Medium
3666,Hard
3674,Easy
3678,Easy
3680,Medium
3689,Medium
3691,Hard
3699,Hard
3700,Hard
3707,Easy
3713,Medium
3714,Medium
3715,Hard
3716,Medium
3719,Medium
3721,Hard
3722,Medium
3726,Easy
3727,Medium
3728,Medium
3729,Hard
3737,Medium
3740,Easy
3741,Medium
3742,Medium
3747,Medium
3748,Hard
3751,Medium
3753,Hard
3761,Medium
3770,Medium
3780,Medium
3783,Easy
3800,Medium
3820,Medium
3830,Hard
3835,Medium
3836,Hard
3838,Easy
3866,Easy
3869,Hard
3870,Easy
3877,Medium
3882,Medium
3895,Medium
3896,Medium
3909,Medium
3910,Hard
3931,Easy
3941,Medium
3954,Easy
